cell,run,host_wall_s,time_wall,max_rss_kb,exit,gpu_peak_mib,gpu_idle_mib
palace_gpu_np1_nosave,1,72.662,1:12.22,2231992,0,5835,0
palace_gpu_np1_nosave,2,72.719,1:12.30,2235136,0,5835,0
palace_gpu_np1_nosave,3,72.366,1:11.93,2209360,0,5835,0
geode_cpu_t1,1,36.150,0:36.14,3085056,0,NA,NA
geode_cpu_t1,2,36.061,0:36.05,3084520,0,NA,NA
geode_cpu_t1,3,36.022,0:36.01,3085052,0,NA,NA
geode_cpu_t8,1,29.610,0:29.60,3125540,0,NA,NA
geode_cpu_t8,2,30.708,0:30.70,3123636,0,NA,NA
geode_cpu_t8,3,30.129,0:30.12,3134252,0,NA,NA
palace_gpu_np1,1,688.991,11:28.56,2228048,0,5835,0
palace_gpu_np1,2,697.275,11:36.85,2232412,0,5835,0
palace_gpu_np1,3,686.541,11:26.07,2231992,0,5835,0
palace_cpu_np8_nosave,1,51.158,0:50.74,940708,0,4,0
palace_cpu_np8_nosave,2,51.605,0:51.18,941908,0,4,0
palace_cpu_np8_nosave,3,51.584,0:51.16,924636,0,4,0
palace_cpu_np8,1,135.135,2:14.65,941812,0,4,0
palace_cpu_np8,2,136.399,2:15.94,940696,0,4,0
palace_cpu_np8,3,137.375,2:16.90,938888,0,4,0
