geode_s4p5_n6_t1	geode	none	4.5	6	1	pinned	2	-
geode_s4p5_n6_t8	geode	none	4.5	6	8	pinned	2	-
geode_s4p5_n30_t1	geode	none	4.5	30	1	pinned	2	-
geode_s4p5_n30_t8	geode	none	4.5	30	8	pinned	2	-
geode_s20_n6_t1	geode	none	20	6	1	pinned	2	-
geode_s20_n6_t8	geode	none	20	6	8	pinned	2	-
geode_pa_s4p5_n8_t1	geode	port_aware	4.5	8	1	pinned	2	-
geode_pa_s4p5_n8_t8	geode	port_aware	4.5	8	8	pinned	2	-
palace_s4p5_n6_np1	palace	divfree	4.5	6	1	pinned	3	SuperLU
palace_s4p5_n6_np8	palace	divfree	4.5	6	8	pinned	3	SuperLU
palace_s4p5_n6_np1_nosave	palace	divfree_nosave	4.5	6	1	pinned	3	SuperLU
palace_s4p5_n6_np8_nosave	palace	divfree_nosave	4.5	6	8	pinned	3	SuperLU
palace_s4p5_n6_np8_nosave_lindefault	palace	divfree_nosave	4.5	6	8	pinned	1	Default
